from,to,km,minutes
D-CC,D-GUB,40.0,67.0
D-CC,D-PG,59.8,100.0
D-CC,H-CC,0.1,0.0
D-CC,H-CL,70.6,118.0
D-CC,H-GT,65.4,109.0
D-CC,H-GUB,38.4,64.0
D-CC,H-MVT,71.0,118.0
D-CC,H-POU,73.8,123.0
D-CC,H-UMB,27.1,45.0
D-CC,M-AC,126.3,210.0
D-CC,M-ASS,67.5,112.0
D-CC,M-BA,73.9,123.0
D-CC,M-BV,73.9,123.0
D-CC,M-CA,94.5,158.0
D-CC,M-CH,71.2,119.0
D-CC,M-CL,66.3,110.0
D-CC,M-COR,51.5,86.0
D-CC,M-CP,7.1,12.0
D-CC,M-CST,49.5,82.0
D-CC,M-CT,0.1,0.0
D-CC,M-CT2,86.4,144.0
D-CC,M-DER,70.1,117.0
D-CC,M-DO,71.8,120.0
D-CC,M-FR,98.9,165.0
D-CC,M-GT,68.5,114.0
D-CC,M-GUB,42.2,70.0
D-CC,M-LF,37.2,62.0
D-CC,M-MA,83.5,139.0
D-CC,M-MAG,64.7,108.0
D-CC,M-MN,102.6,171.0
D-CC,M-MT,23.8,40.0
D-CC,M-MVT,99.4,166.0
D-CC,M-NOC,77.1,128.0
D-CC,M-PA,68.4,114.0
D-CC,M-PG,59.9,100.0
D-CC,M-PG2,58.2,97.0
D-CC,M-PG3,56.4,94.0
D-CC,M-PS,41.2,69.0
D-CC,M-SAS,60.8,101.0
D-CC,M-SF,42.1,70.0
D-CC,M-SMA,66.1,110.0
D-CC,M-SP,19.6,33.0
D-CC,M-SPC,78.5,131.0
D-CC,M-TO,53.1,88.0
D-CC,M-UMB,25.8,43.0
D-CC,M-VAL,83.3,139.0
D-GUB,D-CC,39.6,66.0
D-GUB,D-PG,42.2,70.0
D-GUB,H-CC,41.1,68.0
D-GUB,H-CL,74.7,125.0
D-GUB,H-GT,30.8,51.0
D-GUB,H-GUB,0.7,1.0
D-GUB,H-MVT,66.2,110.0
D-GUB,H-POU,46.8,78.0
D-GUB,H-UMB,27.9,46.0
D-GUB,M-AC,107.2,179.0
D-GUB,M-ASS,40.3,67.0
D-GUB,M-BA,41.4,69.0
D-GUB,M-BV,46.1,77.0
D-GUB,M-CA,73.9,123.0
D-GUB,M-CH,84.2,140.0
D-GUB,M-CL,75.7,126.0
D-GUB,M-COR,49.4,82.0
D-GUB,M-CP,42.0,70.0
D-GUB,M-CST,13.4,22.0
D-GUB,M-CT,41.1,68.0
D-GUB,M-CT2,86.1,144.0
D-GUB,M-DER,59.8,100.0
D-GUB,M-DO,53.7,90.0
D-GUB,M-FR,93.3,156.0
D-GUB,M-GT,29.9,50.0
D-GUB,M-GUB,0.7,1.0
D-GUB,M-LF,47.6,79.0
D-GUB,M-MA,74.5,124.0
D-GUB,M-MAG,53.8,90.0
D-GUB,M-MN,91.5,152.0
D-GUB,M-MT,28.4,47.0
D-GUB,M-MVT,82.1,137.0
D-GUB,M-NOC,44.3,74.0
D-GUB,M-PA,64.4,107.0
D-GUB,M-PG,44.4,74.0
D-GUB,M-PG2,37.3,62.0
D-GUB,M-PG3,49.7,83.0
D-GUB,M-PS,50.1,84.0
D-GUB,M-SAS,18.3,31.0
D-GUB,M-SF,20.9,35.0
D-GUB,M-SMA,45.7,76.0
D-GUB,M-SP,59.6,99.0
D-GUB,M-SPC,57.2,95.0
D-GUB,M-TO,60.6,101.0
D-GUB,M-UMB,25.9,43.0
D-GUB,M-VAL,55.1,92.0
D-PG,D-CC,58.2,97.0
D-PG,D-GUB,42.5,71.0
D-PG,H-CC,58.3,97.0
D-PG,H-CL,42.6,71.0
D-PG,H-GT,46.7,78.0
D-PG,H-GUB,41.0,68.0
D-PG,H-MVT,19.8,33.0
D-PG,H-POU,18.2,30.0
D-PG,H-UMB,27.6,46.0
D-PG,M-AC,67.8,113.0
D-PG,M-ASS,25.2,42.0
D-PG,M-BA,18.7,31.0
D-PG,M-BV,16.4,27.0
D-PG,M-CA,41.3,69.0
D-PG,M-CH,49.7,83.0
D-PG,M-CL,44.3,74.0
D-PG,M-COR,9.6,16.0
D-PG,M-CP,49.0,82.0
D-PG,M-CST,52.9,88.0
D-PG,M-CT,53.3,89.0
D-PG,M-CT2,55.4,92.0
D-PG,M-DER,19.0,32.0
D-PG,M-DO,18.5,31.0
D-PG,M-FR,49.4,82.0
D-PG,M-GT,48.7,81.0
D-PG,M-GUB,39.5,66.0
D-PG,M-LF,32.6,54.0
D-PG,M-MA,30.0,50.0
D-PG,M-MAG,10.6,18.0
D-PG,M-MN,57.1,95.0
D-PG,M-MT,32.1,54.0
D-PG,M-MVT,46.4,77.0
D-PG,M-NOC,43.1,72.0
D-PG,M-PA,31.1,52.0
D-PG,M-PG,0.0,0.0
D-PG,M-PG2,7.5,12.0
D-PG,M-PG3,10.0,17.0
D-PG,M-PS,28.6,48.0
D-PG,M-SAS,50.9,85.0
D-PG,M-SF,60.4,101.0
D-PG,M-SMA,18.2,30.0
D-PG,M-SP,73.2,122.0
D-PG,M-SPC,36.8,61.0
D-PG,M-TO,31.6,53.0
D-PG,M-UMB,29.7,50.0
D-PG,M-VAL,30.7,51.0
H-CC,D-CC,0.1,0.0
H-CC,D-GUB,43.7,73.0
H-CC,D-PG,59.9,100.0
H-CC,H-CL,67.0,112.0
H-CC,H-GT,69.0,115.0
H-CC,H-GUB,39.4,66.0
H-CC,H-MVT,73.6,123.0
H-CC,H-POU,65.2,109.0
H-CC,H-UMB,27.2,45.0
H-CC,M-AC,122.6,204.0
H-CC,M-ASS,67.9,113.0
H-CC,M-BA,66.8,111.0
H-CC,M-BV,74.7,125.0
H-CC,M-CA,94.9,158.0
H-CC,M-CH,70.7,118.0
H-CC,M-CL,69.4,116.0
H-CC,M-COR,56.9,95.0
H-CC,M-CP,6.8,11.0
H-CC,M-CST,51.4,86.0
H-CC,M-CT,0.0,0.0
H-CC,M-CT2,81.6,136.0
H-CC,M-DER,76.6,128.0
H-CC,M-DO,72.7,121.0
H-CC,M-FR,102.9,172.0
H-CC,M-GT,70.4,117.0
H-CC,M-GUB,40.8,68.0
H-CC,M-LF,36.5,61.0
H-CC,M-MA,87.5,146.0
H-CC,M-MAG,62.1,104.0
H-CC,M-MN,104.9,175.0
H-CC,M-MT,21.9,36.0
H-CC,M-MVT,105.9,177.0
H-CC,M-NOC,84.7,141.0
H-CC,M-PA,59.5,99.0
H-CC,M-PG,56.2,94.0
H-CC,M-PG2,53.4,89.0
H-CC,M-PG3,59.3,99.0
H-CC,M-PS,41.6,69.0
H-CC,M-SAS,61.0,102.0
H-CC,M-SF,41.9,70.0
H-CC,M-SMA,74.6,124.0
H-CC,M-SP,18.5,31.0
H-CC,M-SPC,82.4,137.0
H-CC,M-TO,47.2,79.0
H-CC,M-UMB,28.5,48.0
H-CC,M-VAL,86.0,143.0
H-CL,D-CC,67.1,112.0
H-CL,D-GUB,80.2,134.0
H-CL,D-PG,44.6,74.0
H-CL,H-CC,70.1,117.0
H-CL,H-GT,89.4,149.0
H-CL,H-GUB,74.7,125.0
H-CL,H-MVT,37.5,62.0
H-CL,H-POU,62.5,104.0
H-CL,H-UMB,57.0,95.0
H-CL,M-AC,80.3,134.0
H-CL,M-ASS,64.9,108.0
H-CL,M-BA,57.4,96.0
H-CL,M-BV,52.9,88.0
H-CL,M-CA,68.6,114.0
H-CL,M-CH,8.2,14.0
H-CL,M-CL,0.0,0.0
H-CL,M-COR,34.2,57.0
H-CL,M-CP,59.0,98.0
H-CL,M-CST,87.5,146.0
H-CL,M-CT,73.7,123.0
H-CL,M-CT2,15.7,26.0
H-CL,M-DER,41.5,69.0
H-CL,M-DO,42.1,70.0
H-CL,M-FR,51.9,86.0
H-CL,M-GT,82.5,138.0
H-CL,M-GUB,73.7,123.0
H-CL,M-LF,31.4,52.0
H-CL,M-MA,40.0,67.0
H-CL,M-MAG,37.5,62.0
H-CL,M-MN,66.7,111.0
H-CL,M-MT,57.8,96.0
H-CL,M-MVT,55.6,93.0
H-CL,M-NOC,84.2,140.0
H-CL,M-PA,11.7,20.0
H-CL,M-PG,43.6,73.0
H-CL,M-PG2,52.2,87.0
H-CL,M-PG3,32.7,55.0
H-CL,M-PS,27.1,45.0
H-CL,M-SAS,86.5,144.0
H-CL,M-SF,94.3,157.0
H-CL,M-SMA,57.0,95.0
H-CL,M-SP,79.3,132.0
H-CL,M-SPC,76.5,128.0
H-CL,M-TO,19.4,32.0
H-CL,M-UMB,56.9,95.0
H-CL,M-VAL,67.3,112.0
H-GT,D-CC,71.9,120.0
H-GT,D-GUB,28.8,48.0
H-GT,D-PG,47.1,78.0
H-GT,H-CC,68.9,115.0
H-GT,H-CL,85.0,142.0
H-GT,H-GUB,29.8,50.0
H-GT,H-MVT,58.0,97.0
H-GT,H-POU,33.4,56.0
H-GT,H-UMB,50.8,85.0
H-GT,M-AC,82.2,137.0
H-GT,M-ASS,32.0,53.0
H-GT,M-BA,38.0,63.0
H-GT,M-BV,47.1,78.0
H-GT,M-CA,61.6,103.0
H-GT,M-CH,89.8,150.0
H-GT,M-CL,94.7,158.0
H-GT,M-COR,55.0,92.0
H-GT,M-CP,75.0,125.0
H-GT,M-CST,29.2,49.0
H-GT,M-CT,72.6,121.0
H-GT,M-CT2,95.4,159.0
H-GT,M-DER,52.8,88.0
H-GT,M-DO,56.5,94.0
H-GT,M-FR,78.2,130.0
H-GT,M-GT,0.0,0.0
H-GT,M-GUB,29.1,49.0
H-GT,M-LF,73.7,123.0
H-GT,M-MA,70.3,117.0
H-GT,M-MAG,55.3,92.0
H-GT,M-MN,70.6,118.0
H-GT,M-MT,51.9,86.0
H-GT,M-MVT,84.1,140.0
H-GT,M-NOC,18.9,32.0
H-GT,M-PA,78.1,130.0
H-GT,M-PG,49.2,82.0
H-GT,M-PG2,40.9,68.0
H-GT,M-PG3,59.0,98.0
H-GT,M-PS,71.6,119.0
H-GT,M-SAS,15.2,25.0
H-GT,M-SF,41.3,69.0
H-GT,M-SMA,37.6,63.0
H-GT,M-SP,91.1,152.0
H-GT,M-SPC,39.1,65.0
H-GT,M-TO,80.3,134.0
H-GT,M-UMB,49.8,83.0
H-GT,M-VAL,39.3,66.0
H-GUB,D-CC,42.3,70.0
H-GUB,D-GUB,0.7,1.0
H-GUB,D-PG,42.7,71.0
H-GUB,H-CC,42.4,71.0
H-GUB,H-CL,82.1,137.0
H-GUB,H-GT,28.2,47.0
H-GUB,H-MVT,60.4,101.0
H-GUB,H-POU,41.1,68.0
H-GUB,H-UMB,27.2,45.0
H-GUB,M-AC,93.5,156.0
H-GUB,M-ASS,42.3,70.0
H-GUB,M-BA,43.2,72.0
H-GUB,M-BV,47.3,79.0
H-GUB,M-CA,76.4,127.0
H-GUB,M-CH,79.0,132.0
H-GUB,M-CL,72.3,120.0
H-GUB,M-COR,48.6,81.0
H-GUB,M-CP,41.7,70.0
H-GUB,M-CST,13.8,23.0
H-GUB,M-CT,40.7,68.0
H-GUB,M-CT2,93.9,157.0
H-GUB,M-DER,54.3,90.0
H-GUB,M-DO,57.7,96.0
H-GUB,M-FR,81.1,135.0
H-GUB,M-GT,26.9,45.0
H-GUB,M-GUB,0.0,0.0
H-GUB,M-LF,51.0,85.0
H-GUB,M-MA,71.9,120.0
H-GUB,M-MAG,53.3,89.0
H-GUB,M-MN,94.2,157.0
H-GUB,M-MT,26.8,45.0
H-GUB,M-MVT,84.8,141.0
H-GUB,M-NOC,47.1,78.0
H-GUB,M-PA,65.3,109.0
H-GUB,M-PG,41.1,68.0
H-GUB,M-PG2,33.8,56.0
H-GUB,M-PG3,46.8,78.0
H-GUB,M-PS,56.6,94.0
H-GUB,M-SAS,20.2,34.0
H-GUB,M-SF,22.6,38.0
H-GUB,M-SMA,43.1,72.0
H-GUB,M-SP,55.5,92.0
H-GUB,M-SPC,51.0,85.0
H-GUB,M-TO,57.9,96.0
H-GUB,M-UMB,27.1,45.0
H-GUB,M-VAL,54.7,91.0
H-MVT,D-CC,77.8,130.0
H-MVT,D-GUB,60.2,100.0
H-MVT,D-PG,22.7,38.0
H-MVT,H-CC,78.7,131.0
H-MVT,H-CL,40.3,67.0
H-MVT,H-GT,60.9,102.0
H-MVT,H-GUB,60.8,101.0
H-MVT,H-POU,23.4,39.0
H-MVT,H-UMB,49.2,82.0
H-MVT,M-AC,49.2,82.0
H-MVT,M-ASS,29.1,49.0
H-MVT,M-BA,23.1,39.0
H-MVT,M-BV,14.6,24.0
H-MVT,M-CA,24.9,42.0
H-MVT,M-CH,49.1,82.0
H-MVT,M-CL,41.1,68.0
H-MVT,M-COR,23.2,39.0
H-MVT,M-CP,67.3,112.0
H-MVT,M-CST,73.6,123.0
H-MVT,M-CT,75.7,126.0
H-MVT,M-CT2,40.8,68.0
H-MVT,M-DER,6.3,10.0
H-MVT,M-DO,6.3,10.0
H-MVT,M-FR,26.1,44.0
H-MVT,M-GT,61.1,102.0
H-MVT,M-GUB,57.4,96.0
H-MVT,M-LF,43.4,72.0
H-MVT,M-MA,9.1,15.0
H-MVT,M-MAG,12.2,20.0
H-MVT,M-MN,37.3,62.0
H-MVT,M-MT,55.0,92.0
H-MVT,M-MVT,27.1,45.0
H-MVT,M-NOC,47.8,80.0
H-MVT,M-PA,30.9,52.0
H-MVT,M-PG,19.8,33.0
H-MVT,M-PG2,25.9,43.0
H-MVT,M-PG3,19.9,33.0
H-MVT,M-PS,40.5,68.0
H-MVT,M-SAS,67.5,112.0
H-MVT,M-SF,85.3,142.0
H-MVT,M-SMA,24.2,40.0
H-MVT,M-SP,95.0,158.0
H-MVT,M-SPC,35.0,58.0
H-MVT,M-TO,39.4,66.0
H-MVT,M-UMB,53.7,90.0
H-MVT,M-VAL,29.1,49.0
H-POU,D-CC,66.8,111.0
H-POU,D-GUB,41.4,69.0
H-POU,D-PG,18.2,30.0
H-POU,H-CC,65.0,108.0
H-POU,H-CL,55.5,92.0
H-POU,H-GT,36.9,62.0
H-POU,H-GUB,41.0,68.0
H-POU,H-MVT,23.7,40.0
H-POU,H-UMB,45.7,76.0
H-POU,M-AC,52.7,88.0
H-POU,M-ASS,7.9,13.0
H-POU,M-BA,0.9,2.0
H-POU,M-BV,8.2,14.0
H-POU,M-CA,32.6,54.0
H-POU,M-CH,67.8,113.0
H-POU,M-CL,62.3,104.0
H-POU,M-COR,30.0,50.0
H-POU,M-CP,70.6,118.0
H-POU,M-CST,51.6,86.0
H-POU,M-CT,66.7,111.0
H-POU,M-CT2,67.9,113.0
H-POU,M-DER,18.8,31.0
H-POU,M-DO,19.3,32.0
H-POU,M-FR,44.5,74.0
H-POU,M-GT,35.2,59.0
H-POU,M-GUB,45.5,76.0
H-POU,M-LF,48.8,81.0
H-POU,M-MA,34.5,58.0
H-POU,M-MAG,23.5,39.0
H-POU,M-MN,43.8,73.0
H-POU,M-MT,48.3,80.0
H-POU,M-MVT,46.0,77.0
H-POU,M-NOC,26.0,43.0
H-POU,M-PA,50.8,85.0
H-POU,M-PG,19.3,32.0
H-POU,M-PG2,16.1,27.0
H-POU,M-PG3,27.2,45.0
H-POU,M-PS,50.7,85.0
H-POU,M-SAS,45.4,76.0
H-POU,M-SF,60.7,101.0
H-POU,M-SMA,0.0,0.0
H-POU,M-SP,84.2,140.0
H-POU,M-SPC,15.0,25.0
H-POU,M-TO,54.9,92.0
H-POU,M-UMB,46.3,77.0
H-POU,M-VAL,11.6,19.0
H-UMB,D-CC,27.3,46.0
H-UMB,D-GUB,27.3,46.0
H-UMB,D-PG,28.7,48.0
H-UMB,H-CC,26.1,44.0
H-UMB,H-CL,55.2,92.0
H-UMB,H-GT,51.6,86.0
H-UMB,H-GUB,28.0,47.0
H-UMB,H-MVT,52.4,87.0
H-UMB,H-POU,40.8,68.0
H-UMB,M-AC,96.0,160.0
H-UMB,M-ASS,43.7,73.0
H-UMB,M-BA,42.8,71.0
H-UMB,M-BV,43.3,72.0
H-UMB,M-CA,76.2,127.0
H-UMB,M-CH,59.2,99.0
H-UMB,M-CL,50.7,85.0
H-UMB,M-COR,26.9,45.0
H-UMB,M-CP,25.1,42.0
H-UMB,M-CST,41.8,70.0
H-UMB,M-CT,25.2,42.0
H-UMB,M-CT2,63.7,106.0
H-UMB,M-DER,49.2,82.0
H-UMB,M-DO,44.7,75.0
H-UMB,M-FR,79.3,132.0
H-UMB,M-GT,51.2,85.0
H-UMB,M-GUB,25.2,42.0
H-UMB,M-LF,22.9,38.0
H-UMB,M-MA,62.4,104.0
H-UMB,M-MAG,37.5,62.0
H-UMB,M-MN,81.9,137.0
H-UMB,M-MT,3.6,6.0
H-UMB,M-MVT,83.9,140.0
H-UMB,M-NOC,63.4,106.0
H-UMB,M-PA,46.9,78.0
H-UMB,M-PG,29.1,49.0
H-UMB,M-PG2,27.1,45.0
H-UMB,M-PG3,34.8,58.0
H-UMB,M-PS,27.7,46.0
H-UMB,M-SAS,44.7,75.0
H-UMB,M-SF,45.1,75.0
H-UMB,M-SMA,40.9,68.0
H-UMB,M-SP,46.2,77.0
H-UMB,M-SPC,53.9,90.0
H-UMB,M-TO,34.7,58.0
H-UMB,M-UMB,0.0,0.0
H-UMB,M-VAL,51.8,86.0
M-AC,D-CC,115.6,193.0
M-AC,D-GUB,103.1,172.0
M-AC,D-PG,68.9,115.0
M-AC,H-CC,124.1,207.0
M-AC,H-CL,84.2,140.0
M-AC,H-GT,84.7,141.0
M-AC,H-GUB,97.2,162.0
M-AC,H-MVT,50.0,83.0
M-AC,H-POU,54.4,91.0
M-AC,H-UMB,102.7,171.0
M-AC,M-ASS,54.4,91.0
M-AC,M-BA,61.6,103.0
M-AC,M-BV,49.5,82.0
M-AC,M-CA,26.5,44.0
M-AC,M-CH,83.2,139.0
M-AC,M-CL,84.5,141.0
M-AC,M-COR,66.2,110.0
M-AC,M-CP,119.4,199.0
M-AC,M-CST,116.5,194.0
M-AC,M-CT,123.0,205.0
M-AC,M-CT2,74.2,124.0
M-AC,M-DER,49.9,83.0
M-AC,M-DO,48.1,80.0
M-AC,M-FR,28.7,48.0
M-AC,M-GT,87.4,146.0
M-AC,M-GUB,106.4,177.0
M-AC,M-LF,85.2,142.0
M-AC,M-MA,41.0,68.0
M-AC,M-MAG,63.2,105.0
M-AC,M-MN,13.4,22.0
M-AC,M-MT,98.8,165.0
M-AC,M-MVT,21.4,36.0
M-AC,M-NOC,66.1,110.0
M-AC,M-PA,69.5,116.0
M-AC,M-PG,66.1,110.0
M-AC,M-PG2,66.5,111.0
M-AC,M-PG3,66.9,112.0
M-AC,M-PS,81.5,136.0
M-AC,M-SAS,107.0,178.0
M-AC,M-SF,130.7,218.0
M-AC,M-SMA,58.4,97.0
M-AC,M-SP,142.1,237.0
M-AC,M-SPC,47.9,80.0
M-AC,M-TO,89.8,150.0
M-AC,M-UMB,98.7,164.0
M-AC,M-VAL,45.7,76.0
M-ASS,D-CC,77.1,128.0
M-ASS,D-GUB,45.0,75.0
M-ASS,D-PG,27.6,46.0
M-ASS,H-CC,75.2,125.0
M-ASS,H-CL,67.6,113.0
M-ASS,H-GT,29.7,50.0
M-ASS,H-GUB,45.2,75.0
M-ASS,H-MVT,33.1,55.0
M-ASS,H-POU,7.0,12.0
M-ASS,H-UMB,43.5,72.0
M-ASS,M-AC,57.6,96.0
M-ASS,M-BA,8.1,14.0
M-ASS,M-BV,17.2,29.0
M-ASS,M-CA,32.2,54.0
M-ASS,M-CH,75.0,125.0
M-ASS,M-CL,65.3,109.0
M-ASS,M-COR,38.3,64.0
M-ASS,M-CP,74.5,124.0
M-ASS,M-CST,52.8,88.0
M-ASS,M-CT,72.4,121.0
M-ASS,M-CT2,72.0,120.0
M-ASS,M-DER,24.2,40.0
M-ASS,M-DO,23.4,39.0
M-ASS,M-FR,53.1,88.0
M-ASS,M-GT,31.4,52.0
M-ASS,M-GUB,45.7,76.0
M-ASS,M-LF,60.1,100.0
M-ASS,M-MA,39.4,66.0
M-ASS,M-MAG,31.0,52.0
M-ASS,M-MN,49.7,83.0
M-ASS,M-MT,52.2,87.0
M-ASS,M-MVT,46.8,78.0
M-ASS,M-NOC,20.0,33.0
M-ASS,M-PA,52.3,87.0
M-ASS,M-PG,27.6,46.0
M-ASS,M-PG2,21.0,35.0
M-ASS,M-PG3,33.8,56.0
M-ASS,M-PS,55.6,93.0
M-ASS,M-SAS,42.6,71.0
M-ASS,M-SF,62.1,104.0
M-ASS,M-SMA,7.1,12.0
M-ASS,M-SP,94.7,158.0
M-ASS,M-SPC,11.8,20.0
M-ASS,M-TO,60.6,101.0
M-ASS,M-UMB,46.9,78.0
M-ASS,M-VAL,11.2,19.0
M-BA,D-CC,69.6,116.0
M-BA,D-GUB,43.8,73.0
M-BA,D-PG,19.7,33.0
M-BA,H-CC,68.1,114.0
M-BA,H-CL,55.5,92.0
M-BA,H-GT,33.1,55.0
M-BA,H-GUB,44.5,74.0
M-BA,H-MVT,25.0,42.0
M-BA,H-POU,1.0,2.0
M-BA,H-UMB,40.7,68.0
M-BA,M-AC,54.5,91.0
M-BA,M-ASS,7.2,12.0
M-BA,M-BV,8.7,14.0
M-BA,M-CA,33.0,55.0
M-BA,M-CH,65.2,109.0
M-BA,M-CL,58.2,97.0
M-BA,M-COR,30.1,50.0
M-BA,M-CP,65.1,108.0
M-BA,M-CST,52.7,88.0
M-BA,M-CT,72.0,120.0
M-BA,M-CT2,64.4,107.0
M-BA,M-DER,18.5,31.0
M-BA,M-DO,19.1,32.0
M-BA,M-FR,48.7,81.0
M-BA,M-GT,33.7,56.0
M-BA,M-GUB,45.6,76.0
M-BA,M-LF,49.2,82.0
M-BA,M-MA,31.6,53.0
M-BA,M-MAG,21.9,36.0
M-BA,M-MN,48.3,80.0
M-BA,M-MT,45.6,76.0
M-BA,M-MVT,43.9,73.0
M-BA,M-NOC,28.4,47.0
M-BA,M-PA,45.8,76.0
M-BA,M-PG,17.5,29.0
M-BA,M-PG2,13.7,23.0
M-BA,M-PG3,26.0,43.0
M-BA,M-PS,44.8,75.0
M-BA,M-SAS,43.2,72.0
M-BA,M-SF,66.0,110.0
M-BA,M-SMA,0.9,2.0
M-BA,M-SP,86.6,144.0
M-BA,M-SPC,17.2,29.0
M-BA,M-TO,50.7,85.0
M-BA,M-UMB,43.6,73.0
M-BA,M-VAL,11.8,20.0
M-BV,D-CC,67.2,112.0
M-BV,D-GUB,46.1,77.0
M-BV,D-PG,14.7,24.0
M-BV,H-CC,68.1,114.0
M-BV,H-CL,48.7,81.0
M-BV,H-GT,41.6,69.0
M-BV,H-GUB,46.1,77.0
M-BV,H-MVT,15.6,26.0
M-BV,H-POU,8.4,14.0
M-BV,H-UMB,42.8,71.0
M-BV,M-AC,53.1,88.0
M-BV,M-ASS,16.5,28.0
M-BV,M-BA,8.3,14.0
M-BV,M-CA,29.7,50.0
M-BV,M-CH,59.7,100.0
M-BV,M-CL,48.0,80.0
M-BV,M-COR,25.0,42.0
M-BV,M-CP,71.3,119.0
M-BV,M-CST,55.9,93.0
M-BV,M-CT,68.1,114.0
M-BV,M-CT2,59.5,99.0
M-BV,M-DER,9.7,16.0
M-BV,M-DO,8.9,15.0
M-BV,M-FR,36.3,60.0
M-BV,M-GT,43.5,72.0
M-BV,M-GUB,48.8,81.0
M-BV,M-LF,46.5,78.0
M-BV,M-MA,23.6,39.0
M-BV,M-MAG,14.8,25.0
M-BV,M-MN,41.9,70.0
M-BV,M-MT,43.8,73.0
M-BV,M-MVT,36.8,61.0
M-BV,M-NOC,37.3,62.0
M-BV,M-PA,42.7,71.0
M-BV,M-PG,15.5,26.0
M-BV,M-PG2,15.0,25.0
M-BV,M-PG3,20.2,34.0
M-BV,M-PS,42.6,71.0
M-BV,M-SAS,53.9,90.0
M-BV,M-SF,68.2,114.0
M-BV,M-SMA,8.4,14.0
M-BV,M-SP,88.1,147.0
M-BV,M-SPC,19.3,32.0
M-BV,M-TO,44.3,74.0
M-BV,M-UMB,41.8,70.0
M-BV,M-VAL,15.1,25.0
M-CA,D-CC,93.2,155.0
M-CA,D-GUB,80.3,134.0
M-CA,D-PG,43.5,72.0
M-CA,H-CC,101.4,169.0
M-CA,H-CL,67.5,112.0
M-CA,H-GT,62.8,105.0
M-CA,H-GUB,70.8,118.0
M-CA,H-MVT,26.9,45.0
M-CA,H-POU,32.1,54.0
M-CA,H-UMB,74.7,125.0
M-CA,M-AC,24.8,41.0
M-CA,M-ASS,32.1,54.0
M-CA,M-BA,31.5,52.0
M-CA,M-BV,27.9,46.0
M-CA,M-CH,72.1,120.0
M-CA,M-CL,65.4,109.0
M-CA,M-COR,47.5,79.0
M-CA,M-CP,102.0,170.0
M-CA,M-CST,85.5,142.0
M-CA,M-CT,94.9,158.0
M-CA,M-CT2,59.8,100.0
M-CA,M-DER,24.3,40.0
M-CA,M-DO,24.7,41.0
M-CA,M-FR,22.1,37.0
M-CA,M-GT,59.9,100.0
M-CA,M-GUB,73.0,122.0
M-CA,M-LF,67.0,112.0
M-CA,M-MA,27.4,46.0
M-CA,M-MAG,34.9,58.0
M-CA,M-MN,12.7,21.0
M-CA,M-MT,74.4,124.0
M-CA,M-MVT,19.0,32.0
M-CA,M-NOC,43.8,73.0
M-CA,M-PA,55.4,92.0
M-CA,M-PG,45.8,76.0
M-CA,M-PG2,45.8,76.0
M-CA,M-PG3,46.6,78.0
M-CA,M-PS,64.2,107.0
M-CA,M-SAS,72.1,120.0
M-CA,M-SF,99.4,166.0
M-CA,M-SMA,33.7,56.0
M-CA,M-SP,118.9,198.0
M-CA,M-SPC,26.2,44.0
M-CA,M-TO,64.7,108.0
M-CA,M-UMB,74.9,125.0
M-CA,M-VAL,22.6,38.0
M-CH,D-CC,72.8,121.0
M-CH,D-GUB,84.7,141.0
M-CH,D-PG,50.4,84.0
M-CH,H-CC,71.8,120.0
M-CH,H-CL,7.3,12.0
M-CH,H-GT,98.3,164.0
M-CH,H-GUB,82.3,137.0
M-CH,H-MVT,47.2,79.0
M-CH,H-POU,63.1,105.0
M-CH,H-UMB,60.4,101.0
M-CH,M-AC,83.3,139.0
M-CH,M-ASS,69.1,115.0
M-CH,M-BA,64.6,108.0
M-CH,M-BV,55.4,92.0
M-CH,M-CA,66.0,110.0
M-CH,M-CL,8.3,14.0
M-CH,M-COR,40.1,67.0
M-CH,M-CP,70.9,118.0
M-CH,M-CST,95.9,160.0
M-CH,M-CT,76.7,128.0
M-CH,M-CT2,13.5,22.0
M-CH,M-DER,52.5,88.0
M-CH,M-DO,51.5,86.0
M-CH,M-FR,54.0,90.0
M-CH,M-GT,94.6,158.0
M-CH,M-GUB,90.4,151.0
M-CH,M-LF,39.0,65.0
M-CH,M-MA,47.8,80.0
M-CH,M-MAG,41.7,70.0
M-CH,M-MN,76.9,128.0
M-CH,M-MT,66.7,111.0
M-CH,M-MVT,59.2,99.0
M-CH,M-NOC,88.0,147.0
M-CH,M-PA,19.6,33.0
M-CH,M-PG,50.9,85.0
M-CH,M-PG2,60.3,100.0
M-CH,M-PG3,37.6,63.0
M-CH,M-PS,34.7,58.0
M-CH,M-SAS,95.2,159.0
M-CH,M-SF,97.9,163.0
M-CH,M-SMA,63.2,105.0
M-CH,M-SP,90.4,151.0
M-CH,M-SPC,80.6,134.0
M-CH,M-TO,26.0,43.0
M-CH,M-UMB,59.3,99.0
M-CH,M-VAL,77.3,129.0
M-CL,D-CC,68.5,114.0
M-CL,D-GUB,82.0,137.0
M-CL,D-PG,42.3,70.0
M-CL,H-CC,68.3,114.0
M-CL,H-CL,0.0,0.0
M-CL,H-GT,86.4,144.0
M-CL,H-GUB,80.5,134.0
M-CL,H-MVT,39.9,66.0
M-CL,H-POU,56.7,95.0
M-CL,H-UMB,57.0,95.0
M-CL,M-AC,77.4,129.0
M-CL,M-ASS,66.9,112.0
M-CL,M-BA,62.3,104.0
M-CL,M-BV,52.1,87.0
M-CL,M-CA,61.1,102.0
M-CL,M-CH,8.2,14.0
M-CL,M-COR,34.1,57.0
M-CL,M-CP,61.3,102.0
M-CL,M-CST,87.2,145.0
M-CL,M-CT,72.6,121.0
M-CL,M-CT2,15.7,26.0
M-CL,M-DER,44.9,75.0
M-CL,M-DO,47.3,79.0
M-CL,M-FR,52.9,88.0
M-CL,M-GT,84.4,141.0
M-CL,M-GUB,75.5,126.0
M-CL,M-LF,30.0,50.0
M-CL,M-MA,40.3,67.0
M-CL,M-MAG,34.1,57.0
M-CL,M-MN,70.2,117.0
M-CL,M-MT,58.2,97.0
M-CL,M-MVT,61.0,102.0
M-CL,M-NOC,84.5,141.0
M-CL,M-PA,11.8,20.0
M-CL,M-PG,40.2,67.0
M-CL,M-PG2,52.2,87.0
M-CL,M-PG3,30.2,50.0
M-CL,M-PS,26.4,44.0
M-CL,M-SAS,96.1,160.0
M-CL,M-SF,91.2,152.0
M-CL,M-SMA,56.6,94.0
M-CL,M-SP,85.2,142.0
M-CL,M-SPC,73.8,123.0
M-CL,M-TO,20.2,34.0
M-CL,M-UMB,55.3,92.0
M-CL,M-VAL,66.5,111.0
M-COR,D-CC,51.1,85.0
M-COR,D-GUB,46.0,77.0
M-COR,D-PG,9.5,16.0
M-COR,H-CC,56.3,94.0
M-COR,H-CL,33.9,56.0
M-COR,H-GT,54.8,91.0
M-COR,H-GUB,46.1,77.0
M-COR,H-MVT,24.9,42.0
M-COR,H-POU,27.5,46.0
M-COR,H-UMB,28.8,48.0
M-COR,M-AC,70.7,118.0
M-COR,M-ASS,36.4,61.0
M-COR,M-BA,26.4,44.0
M-COR,M-BV,25.0,42.0
M-COR,M-CA,51.7,86.0
M-COR,M-CH,41.6,69.0
M-COR,M-CL,34.5,58.0
M-COR,M-CP,51.3,86.0
M-COR,M-CST,62.3,104.0
M-COR,M-CT,50.4,84.0
M-COR,M-CT2,44.8,75.0
M-COR,M-DER,23.3,39.0
M-COR,M-DO,22.7,38.0
M-COR,M-FR,49.5,82.0
M-COR,M-GT,59.1,98.0
M-COR,M-GUB,49.3,82.0
M-COR,M-LF,22.1,37.0
M-COR,M-MA,28.5,48.0
M-COR,M-MAG,12.2,20.0
M-COR,M-MN,61.4,102.0
M-COR,M-MT,30.0,50.0
M-COR,M-MVT,54.9,92.0
M-COR,M-NOC,57.9,96.0
M-COR,M-PA,22.5,38.0
M-COR,M-PG,10.1,17.0
M-COR,M-PG2,16.3,27.0
M-COR,M-PG3,4.7,8.0
M-COR,M-PS,18.8,31.0
M-COR,M-SAS,61.6,103.0
M-COR,M-SF,62.1,104.0
M-COR,M-SMA,28.3,47.0
M-COR,M-SP,70.0,117.0
M-COR,M-SPC,44.1,74.0
M-COR,M-TO,23.9,40.0
M-COR,M-UMB,27.8,46.0
M-COR,M-VAL,38.0,63.0
M-CP,D-CC,7.4,12.0
M-CP,D-GUB,42.6,71.0
M-CP,D-PG,50.1,84.0
M-CP,H-CC,7.0,12.0
M-CP,H-CL,59.5,99.0
M-CP,H-GT,66.8,111.0
M-CP,H-GUB,42.6,71.0
M-CP,H-MVT,70.7,118.0
M-CP,H-POU,71.7,120.0
M-CP,H-UMB,23.7,40.0
M-CP,M-AC,119.9,200.0
M-CP,M-ASS,72.3,120.0
M-CP,M-BA,61.8,103.0
M-CP,M-BV,68.8,115.0
M-CP,M-CA,90.6,151.0
M-CP,M-CH,72.4,121.0
M-CP,M-CL,59.6,99.0
M-CP,M-COR,47.7,80.0
M-CP,M-CST,50.3,84.0
M-CP,M-CT,7.6,13.0
M-CP,M-CT2,78.3,130.0
M-CP,M-DER,71.0,118.0
M-CP,M-DO,65.6,109.0
M-CP,M-FR,99.5,166.0
M-CP,M-GT,67.1,112.0
M-CP,M-GUB,45.1,75.0
M-CP,M-LF,31.1,52.0
M-CP,M-MA,74.8,125.0
M-CP,M-MAG,55.3,92.0
M-CP,M-MN,105.6,176.0
M-CP,M-MT,21.5,36.0
M-CP,M-MVT,93.5,156.0
M-CP,M-NOC,85.5,142.0
M-CP,M-PA,57.4,96.0
M-CP,M-PG,52.5,88.0
M-CP,M-PG2,52.2,87.0
M-CP,M-PG3,52.4,87.0
M-CP,M-PS,37.8,63.0
M-CP,M-SAS,58.6,98.0
M-CP,M-SF,45.4,76.0
M-CP,M-SMA,71.2,119.0
M-CP,M-SP,24.4,41.0
M-CP,M-SPC,80.8,135.0
M-CP,M-TO,42.0,70.0
M-CP,M-UMB,24.7,41.0
M-CP,M-VAL,78.0,130.0
M-CST,D-CC,46.5,78.0
M-CST,D-GUB,13.2,22.0
M-CST,D-PG,56.3,94.0
M-CST,H-CC,51.3,86.0
M-CST,H-CL,85.7,143.0
M-CST,H-GT,26.2,44.0
M-CST,H-GUB,14.0,23.0
M-CST,H-MVT,75.5,126.0
M-CST,H-POU,49.5,82.0
M-CST,H-UMB,38.7,65.0
M-CST,M-AC,113.8,190.0
M-CST,M-ASS,47.9,80.0
M-CST,M-BA,53.8,90.0
M-CST,M-BV,57.4,96.0
M-CST,M-CA,79.2,132.0
M-CST,M-CH,95.7,160.0
M-CST,M-CL,95.1,158.0
M-CST,M-COR,63.6,106.0
M-CST,M-CP,56.2,94.0
M-CST,M-CT,49.4,82.0
M-CST,M-CT2,107.2,179.0
M-CST,M-DER,65.3,109.0
M-CST,M-DO,66.2,110.0
M-CST,M-FR,103.4,172.0
M-CST,M-GT,25.4,42.0
M-CST,M-GUB,13.7,23.0
M-CST,M-LF,62.4,104.0
M-CST,M-MA,76.8,128.0
M-CST,M-MAG,61.5,102.0
M-CST,M-MN,98.0,163.0
M-CST,M-MT,40.1,67.0
M-CST,M-MVT,103.2,172.0
M-CST,M-NOC,49.1,82.0
M-CST,M-PA,80.1,134.0
M-CST,M-PG,52.6,88.0
M-CST,M-PG2,47.6,79.0
M-CST,M-PG3,64.9,108.0
M-CST,M-PS,65.2,109.0
M-CST,M-SAS,12.4,21.0
M-CST,M-SF,15.1,25.0
M-CST,M-SMA,53.7,90.0
M-CST,M-SP,64.9,108.0
M-CST,M-SPC,58.5,98.0
M-CST,M-TO,79.7,133.0
M-CST,M-UMB,42.7,71.0
M-CST,M-VAL,57.6,96.0
M-CT,D-CC,0.1,0.0
M-CT,D-GUB,40.8,68.0
M-CT,D-PG,59.4,99.0
M-CT,H-CC,0.0,0.0
M-CT,H-CL,68.8,115.0
M-CT,H-GT,64.1,107.0
M-CT,H-GUB,39.2,65.0
M-CT,H-MVT,76.5,128.0
M-CT,H-POU,71.4,119.0
M-CT,H-UMB,25.8,43.0
M-CT,M-AC,116.0,193.0
M-CT,M-ASS,76.4,127.0
M-CT,M-BA,74.1,124.0
M-CT,M-BV,70.7,118.0
M-CT,M-CA,94.0,157.0
M-CT,M-CH,72.2,120.0
M-CT,M-CL,64.6,108.0
M-CT,M-COR,56.3,94.0
M-CT,M-CP,6.6,11.0
M-CT,M-CST,50.7,85.0
M-CT,M-CT2,82.1,137.0
M-CT,M-DER,74.7,125.0
M-CT,M-DO,75.8,126.0
M-CT,M-FR,105.9,177.0
M-CT,M-GT,66.0,110.0
M-CT,M-GUB,37.7,63.0
M-CT,M-LF,36.8,61.0
M-CT,M-MA,88.3,147.0
M-CT,M-MAG,67.4,112.0
M-CT,M-MN,111.6,186.0
M-CT,M-MT,23.9,40.0
M-CT,M-MVT,107.1,178.0
M-CT,M-NOC,78.5,131.0
M-CT,M-PA,68.0,113.0
M-CT,M-PG,55.4,92.0
M-CT,M-PG2,54.7,91.0
M-CT,M-PG3,58.2,97.0
M-CT,M-PS,40.8,68.0
M-CT,M-SAS,56.4,94.0
M-CT,M-SF,44.1,74.0
M-CT,M-SMA,65.7,110.0
M-CT,M-SP,19.9,33.0
M-CT,M-SPC,81.2,135.0
M-CT,M-TO,49.2,82.0
M-CT,M-UMB,26.0,43.0
M-CT,M-VAL,79.7,133.0
M-CT2,D-CC,87.7,146.0
M-CT2,D-GUB,88.3,147.0
M-CT2,D-PG,52.6,88.0
M-CT2,H-CC,84.6,141.0
M-CT2,H-CL,15.8,26.0
M-CT2,H-GT,104.8,175.0
M-CT2,H-GUB,93.4,156.0
M-CT2,H-MVT,41.0,68.0
M-CT2,H-POU,60.9,102.0
M-CT2,H-UMB,65.5,109.0
M-CT2,M-AC,73.8,123.0
M-CT2,M-ASS,68.1,114.0
M-CT2,M-BA,65.3,109.0
M-CT2,M-BV,57.7,96.0
M-CT2,M-CA,62.0,103.0
M-CT2,M-CH,13.6,23.0
M-CT2,M-CL,14.6,24.0
M-CT2,M-COR,41.5,69.0
M-CT2,M-CP,80.9,135.0
M-CT2,M-CST,104.5,174.0
M-CT2,M-CT,87.3,146.0
M-CT2,M-DER,48.3,80.0
M-CT2,M-DO,46.9,78.0
M-CT2,M-FR,47.2,79.0
M-CT2,M-GT,102.8,171.0
M-CT2,M-GUB,92.9,155.0
M-CT2,M-LF,44.7,75.0
M-CT2,M-MA,39.1,65.0
M-CT2,M-MAG,43.0,72.0
M-CT2,M-MN,61.5,102.0
M-CT2,M-MT,74.8,125.0
M-CT2,M-MVT,49.9,83.0
M-CT2,M-NOC,99.3,166.0
M-CT2,M-PA,22.7,38.0
M-CT2,M-PG,49.6,83.0
M-CT2,M-PG2,59.5,99.0
M-CT2,M-PG3,43.7,73.0
M-CT2,M-PS,43.2,72.0
M-CT2,M-SAS,107.9,180.0
M-CT2,M-SF,112.4,187.0
M-CT2,M-SMA,67.3,112.0
M-CT2,M-SP,102.9,172.0
M-CT2,M-SPC,72.9,122.0
M-CT2,M-TO,34.9,58.0
M-CT2,M-UMB,65.1,108.0
M-CT2,M-VAL,75.4,126.0
M-DER,D-CC,79.0,132.0
M-DER,D-GUB,53.4,89.0
M-DER,D-PG,18.7,31.0
M-DER,H-CC,78.8,131.0
M-DER,H-CL,42.6,71.0
M-DER,H-GT,54.2,90.0
M-DER,H-GUB,60.2,100.0
M-DER,H-MVT,5.9,10.0
M-DER,H-POU,18.5,31.0
M-DER,H-UMB,46.3,77.0
M-DER,M-AC,51.5,86.0
M-DER,M-ASS,26.7,44.0
M-DER,M-BA,19.4,32.0
M-DER,M-BV,9.3,16.0
M-DER,M-CA,27.0,45.0
M-DER,M-CH,54.4,91.0
M-DER,M-CL,43.5,72.0
M-DER,M-COR,24.0,40.0
M-DER,M-CP,65.3,109.0
M-DER,M-CST,69.2,115.0
M-DER,M-CT,71.2,119.0
M-DER,M-CT2,46.0,77.0
M-DER,M-DO,0.0,0.0
M-DER,M-FR,30.7,51.0
M-DER,M-GT,52.4,87.0
M-DER,M-GUB,58.6,98.0
M-DER,M-LF,42.0,70.0
M-DER,M-MA,14.3,24.0
M-DER,M-MAG,11.7,20.0
M-DER,M-MN,37.6,63.0
M-DER,M-MT,49.8,83.0
M-DER,M-MVT,31.9,53.0
M-DER,M-NOC,47.3,79.0
M-DER,M-PA,35.0,58.0
M-DER,M-PG,17.4,29.0
M-DER,M-PG2,19.5,32.0
M-DER,M-PG3,20.1,34.0
M-DER,M-PS,38.3,64.0
M-DER,M-SAS,66.2,110.0
M-DER,M-SF,79.0,132.0
M-DER,M-SMA,19.1,32.0
M-DER,M-SP,97.0,162.0
M-DER,M-SPC,29.1,49.0
M-DER,M-TO,41.4,69.0
M-DER,M-UMB,49.7,83.0
M-DER,M-VAL,21.3,36.0
M-DO,D-CC,73.9,123.0
M-DO,D-GUB,58.4,97.0
M-DO,D-PG,19.2,32.0
M-DO,H-CC,79.4,132.0
M-DO,H-CL,46.5,78.0
M-DO,H-GT,53.0,88.0
M-DO,H-GUB,56.0,93.0
M-DO,H-MVT,6.6,11.0
M-DO,H-POU,17.3,29.0
M-DO,H-UMB,45.0,75.0
M-DO,M-AC,47.4,79.0
M-DO,M-ASS,24.2,40.0
M-DO,M-BA,17.6,29.0
M-DO,M-BV,9.0,15.0
M-DO,M-CA,23.9,40.0
M-DO,M-CH,48.0,80.0
M-DO,M-CL,47.9,80.0
M-DO,M-COR,22.7,38.0
M-DO,M-CP,68.9,115.0
M-DO,M-CST,70.1,117.0
M-DO,M-CT,71.0,118.0
M-DO,M-CT2,52.0,87.0
M-DO,M-DER,0.0,0.0
M-DO,M-FR,28.0,47.0
M-DO,M-GT,53.0,88.0
M-DO,M-GUB,59.9,100.0
M-DO,M-LF,47.9,80.0
M-DO,M-MA,14.7,24.0
M-DO,M-MAG,11.8,20.0
M-DO,M-MN,34.2,57.0
M-DO,M-MT,54.9,92.0
M-DO,M-MVT,30.0,50.0
M-DO,M-NOC,47.7,80.0
M-DO,M-PA,35.2,59.0
M-DO,M-PG,18.4,31.0
M-DO,M-PG2,21.1,35.0
M-DO,M-PG3,18.3,31.0
M-DO,M-PS,39.3,66.0
M-DO,M-SAS,60.1,100.0
M-DO,M-SF,75.0,125.0
M-DO,M-SMA,18.7,31.0
M-DO,M-SP,90.8,151.0
M-DO,M-SPC,25.3,42.0
M-DO,M-TO,45.3,76.0
M-DO,M-UMB,50.5,84.0
M-DO,M-VAL,23.0,38.0
M-FR,D-CC,108.3,180.0
M-FR,D-GUB,82.8,138.0
M-FR,D-PG,46.1,77.0
M-FR,H-CC,104.8,175.0
M-FR,H-CL,52.2,87.0
M-FR,H-GT,76.3,127.0
M-FR,H-GUB,90.5,151.0
M-FR,H-MVT,24.6,41.0
M-FR,H-POU,43.3,72.0
M-FR,H-UMB,76.1,127.0
M-FR,M-AC,28.5,48.0
M-FR,M-ASS,50.9,85.0
M-FR,M-BA,42.9,72.0
M-FR,M-BV,40.1,67.0
M-FR,M-CA,22.5,38.0
M-FR,M-CH,51.7,86.0
M-FR,M-CL,53.6,89.0
M-FR,M-COR,51.1,85.0
M-FR,M-CP,101.1,168.0
M-FR,M-CST,102.2,170.0
M-FR,M-CT,103.3,172.0
M-FR,M-CT2,45.4,76.0
M-FR,M-DER,28.0,47.0
M-FR,M-DO,29.4,49.0
M-FR,M-GT,78.9,132.0
M-FR,M-GUB,83.4,139.0
M-FR,M-LF,68.5,114.0
M-FR,M-MA,17.6,29.0
M-FR,M-MAG,35.2,59.0
M-FR,M-MN,19.9,33.0
M-FR,M-MT,81.2,135.0
M-FR,M-MVT,7.3,12.0
M-FR,M-NOC,70.4,117.0
M-FR,M-PA,45.4,76.0
M-FR,M-PG,46.7,78.0
M-FR,M-PG2,51.4,86.0
M-FR,M-PG3,44.9,75.0
M-FR,M-PS,60.2,100.0
M-FR,M-SAS,93.7,156.0
M-FR,M-SF,109.5,182.0
M-FR,M-SMA,43.5,72.0
M-FR,M-SP,125.4,209.0
M-FR,M-SPC,48.0,80.0
M-FR,M-TO,60.7,101.0
M-FR,M-UMB,79.6,133.0
M-FR,M-VAL,44.3,74.0
M-GT,D-CC,71.0,118.0
M-GT,D-GUB,30.2,50.0
M-GT,D-PG,47.9,80.0
M-GT,H-CC,70.9,118.0
M-GT,H-CL,90.6,151.0
M-GT,H-GT,0.0,0.0
M-GT,H-GUB,27.4,46.0
M-GT,H-MVT,63.3,106.0
M-GT,H-POU,37.9,63.0
M-GT,H-UMB,46.3,77.0
M-GT,M-AC,90.4,151.0
M-GT,M-ASS,28.4,47.0
M-GT,M-BA,34.7,58.0
M-GT,M-BV,45.9,76.0
M-GT,M-CA,59.6,99.0
M-GT,M-CH,101.3,169.0
M-GT,M-CL,93.4,156.0
M-GT,M-COR,55.6,93.0
M-GT,M-CP,65.0,108.0
M-GT,M-CST,26.5,44.0
M-GT,M-CT,70.2,117.0
M-GT,M-CT2,105.4,176.0
M-GT,M-DER,54.7,91.0
M-GT,M-DO,51.8,86.0
M-GT,M-FR,82.0,137.0
M-GT,M-GUB,29.0,48.0
M-GT,M-LF,72.1,120.0
M-GT,M-MA,64.3,107.0
M-GT,M-MAG,56.8,95.0
M-GT,M-MN,75.5,126.0
M-GT,M-MT,54.6,91.0
M-GT,M-MVT,76.6,128.0
M-GT,M-NOC,20.4,34.0
M-GT,M-PA,82.9,138.0
M-GT,M-PG,43.8,73.0
M-GT,M-PG2,42.0,70.0
M-GT,M-PG3,58.9,98.0
M-GT,M-PS,65.1,108.0
M-GT,M-SAS,15.1,25.0
M-GT,M-SF,43.9,73.0
M-GT,M-SMA,33.6,56.0
M-GT,M-SP,88.2,147.0
M-GT,M-SPC,36.3,60.0
M-GT,M-TO,77.0,128.0
M-GT,M-UMB,46.4,77.0
M-GT,M-VAL,41.5,69.0
M-GUB,D-CC,43.3,72.0
M-GUB,D-GUB,0.7,1.0
M-GUB,D-PG,43.0,72.0
M-GUB,H-CC,38.4,64.0
M-GUB,H-CL,80.6,134.0
M-GUB,H-GT,26.8,45.0
M-GUB,H-GUB,0.0,0.0
M-GUB,H-MVT,60.0,100.0
M-GUB,H-POU,43.7,73.0
M-GUB,H-UMB,28.0,47.0
M-GUB,M-AC,103.1,172.0
M-GUB,M-ASS,42.2,70.0
M-GUB,M-BA,41.5,69.0
M-GUB,M-BV,52.5,88.0
M-GUB,M-CA,74.6,124.0
M-GUB,M-CH,84.3,140.0
M-GUB,M-CL,73.8,123.0
M-GUB,M-COR,48.4,81.0
M-GUB,M-CP,43.8,73.0
M-GUB,M-CST,14.0,23.0
M-GUB,M-CT,38.1,64.0
M-GUB,M-CT2,92.7,154.0
M-GUB,M-DER,58.0,97.0
M-GUB,M-DO,54.8,91.0
M-GUB,M-FR,92.2,154.0
M-GUB,M-GT,27.4,46.0
M-GUB,M-LF,50.2,84.0
M-GUB,M-MA,75.1,125.0
M-GUB,M-MAG,51.0,85.0
M-GUB,M-MN,89.8,150.0
M-GUB,M-MT,26.3,44.0
M-GUB,M-MVT,84.2,140.0
M-GUB,M-NOC,48.3,80.0
M-GUB,M-PA,66.7,111.0
M-GUB,M-PG,43.9,73.0
M-GUB,M-PG2,34.6,58.0
M-GUB,M-PG3,48.2,80.0
M-GUB,M-PS,49.3,82.0
M-GUB,M-SAS,19.7,33.0
M-GUB,M-SF,21.6,36.0
M-GUB,M-SMA,46.1,77.0
M-GUB,M-SP,58.1,97.0
M-GUB,M-SPC,57.5,96.0
M-GUB,M-TO,57.4,96.0
M-GUB,M-UMB,28.4,47.0
M-GUB,M-VAL,55.2,92.0
M-LF,D-CC,40.5,68.0
M-LF,D-GUB,54.0,90.0
M-LF,D-PG,32.0,53.0
M-LF,H-CC,39.6,66.0
M-LF,H-CL,29.5,49.0
M-LF,H-GT,64.4,107.0
M-LF,H-GUB,53.9,90.0
M-LF,H-MVT,45.0,75.0
M-LF,H-POU,52.2,87.0
M-LF,H-UMB,24.3,40.0
M-LF,M-AC,86.2,144.0
M-LF,M-ASS,52.9,88.0
M-LF,M-BA,50.6,84.0
M-LF,M-BV,45.3,76.0
M-LF,M-CA,67.3,112.0
M-LF,M-CH,37.1,62.0
M-LF,M-CL,29.2,49.0
M-LF,M-COR,22.5,38.0
M-LF,M-CP,31.4,52.0
M-LF,M-CST,68.1,114.0
M-LF,M-CT,37.8,63.0
M-LF,M-CT2,46.0,77.0
M-LF,M-DER,41.7,70.0
M-LF,M-DO,42.1,70.0
M-LF,M-FR,65.2,109.0
M-LF,M-GT,69.0,115.0
M-LF,M-GUB,51.5,86.0
M-LF,M-MA,47.8,80.0
M-LF,M-MAG,34.2,57.0
M-LF,M-MN,83.8,140.0
M-LF,M-MT,27.0,45.0
M-LF,M-MVT,66.5,111.0
M-LF,M-NOC,73.1,122.0
M-LF,M-PA,23.8,40.0
M-LF,M-PG,29.6,49.0
M-LF,M-PG2,37.9,63.0
M-LF,M-PG3,24.5,41.0
M-LF,M-PS,5.0,8.0
M-LF,M-SAS,69.1,115.0
M-LF,M-SF,68.7,115.0
M-LF,M-SMA,50.4,84.0
M-LF,M-SP,50.0,83.0
M-LF,M-SPC,63.6,106.0
M-LF,M-TO,11.4,19.0
M-LF,M-UMB,22.9,38.0
M-LF,M-VAL,59.3,99.0
M-MA,D-CC,77.5,129.0
M-MA,D-GUB,66.7,111.0
M-MA,D-PG,29.3,49.0
M-MA,H-CC,78.8,131.0
M-MA,H-CL,39.3,66.0
M-MA,H-GT,70.2,117.0
M-MA,H-GUB,73.6,123.0
M-MA,H-MVT,8.6,14.0
M-MA,H-POU,30.8,51.0
M-MA,H-UMB,54.8,91.0
M-MA,M-AC,43.3,72.0
M-MA,M-ASS,40.3,67.0
M-MA,M-BA,30.5,51.0
M-MA,M-BV,25.6,43.0
M-MA,M-CA,24.1,40.0
M-MA,M-CH,45.0,75.0
M-MA,M-CL,40.1,67.0
M-MA,M-COR,31.9,53.0
M-MA,M-CP,80.9,135.0
M-MA,M-CST,86.3,144.0
M-MA,M-CT,81.3,136.0
M-MA,M-CT2,40.4,67.0
M-MA,M-DER,13.8,23.0
M-MA,M-DO,15.6,26.0
M-MA,M-FR,17.7,30.0
M-MA,M-GT,71.5,119.0
M-MA,M-GUB,70.0,117.0
M-MA,M-LF,50.4,84.0
M-MA,M-MAG,20.2,34.0
M-MA,M-MN,32.6,54.0
M-MA,M-MT,57.7,96.0
M-MA,M-MVT,20.6,34.0
M-MA,M-NOC,56.0,93.0
M-MA,M-PA,29.5,49.0
M-MA,M-PG,31.4,52.0
M-MA,M-PG2,33.1,55.0
M-MA,M-PG3,27.1,45.0
M-MA,M-PS,43.7,73.0
M-MA,M-SAS,73.8,123.0
M-MA,M-SF,96.4,161.0
M-MA,M-SMA,33.2,55.0
M-MA,M-SP,101.2,169.0
M-MA,M-SPC,39.0,65.0
M-MA,M-TO,44.8,75.0
M-MA,M-UMB,55.8,93.0
M-MA,M-VAL,36.0,60.0
M-MAG,D-CC,68.3,114.0
M-MAG,D-GUB,53.4,89.0
M-MAG,D-PG,9.7,16.0
M-MAG,H-CC,65.5,109.0
M-MAG,H-CL,34.3,57.0
M-MAG,H-GT,50.9,85.0
M-MAG,H-GUB,49.7,83.0
M-MAG,H-MVT,12.1,20.0
M-MAG,H-POU,23.6,39.0
M-MAG,H-UMB,39.5,66.0
M-MAG,M-AC,61.4,102.0
M-MAG,M-ASS,29.5,49.0
M-MAG,M-BA,21.6,36.0
M-MAG,M-BV,14.6,24.0
M-MAG,M-CA,39.9,66.0
M-MAG,M-CH,41.2,69.0
M-MAG,M-CL,38.6,64.0
M-MAG,M-COR,11.5,19.0
M-MAG,M-CP,58.8,98.0
M-MAG,M-CST,66.7,111.0
M-MAG,M-CT,63.7,106.0
M-MAG,M-CT2,46.3,77.0
M-MAG,M-DER,12.3,21.0
M-MAG,M-DO,11.5,19.0
M-MAG,M-FR,36.3,60.0
M-MAG,M-GT,55.4,92.0
M-MAG,M-GUB,54.7,91.0
M-MAG,M-LF,31.8,53.0
M-MAG,M-MA,20.5,34.0
M-MAG,M-MN,48.0,80.0
M-MAG,M-MT,43.0,72.0
M-MAG,M-MVT,38.5,64.0
M-MAG,M-NOC,51.5,86.0
M-MAG,M-PA,27.1,45.0
M-MAG,M-PG,9.7,16.0
M-MAG,M-PG2,15.6,26.0
M-MAG,M-PG3,7.9,13.0
M-MAG,M-PS,28.3,47.0
M-MAG,M-SAS,64.2,107.0
M-MAG,M-SF,73.1,122.0
M-MAG,M-SMA,21.5,36.0
M-MAG,M-SP,86.7,144.0
M-MAG,M-SPC,35.3,59.0
M-MAG,M-TO,31.3,52.0
M-MAG,M-UMB,37.4,62.0
M-MAG,M-VAL,30.6,51.0
M-MN,D-CC,104.5,174.0
M-MN,D-GUB,87.0,145.0
M-MN,D-PG,57.7,96.0
M-MN,H-CC,106.1,177.0
M-MN,H-CL,71.1,118.0
M-MN,H-GT,73.1,122.0
M-MN,H-GUB,91.5,152.0
M-MN,H-MVT,33.5,56.0
M-MN,H-POU,47.3,79.0
M-MN,H-UMB,82.9,138.0
M-MN,M-AC,12.2,20.0
M-MN,M-ASS,43.7,73.0
M-MN,M-BA,42.9,72.0
M-MN,M-BV,40.5,68.0
M-MN,M-CA,12.3,21.0
M-MN,M-CH,77.9,130.0
M-MN,M-CL,68.8,115.0
M-MN,M-COR,56.3,94.0
M-MN,M-CP,107.9,180.0
M-MN,M-CST,99.8,166.0
M-MN,M-CT,104.6,174.0
M-MN,M-CT2,62.3,104.0
M-MN,M-DER,33.5,56.0
M-MN,M-DO,37.3,62.0
M-MN,M-FR,21.3,36.0
M-MN,M-GT,74.8,125.0
M-MN,M-GUB,92.5,154.0
M-MN,M-LF,83.2,139.0
M-MN,M-MA,31.9,53.0
M-MN,M-MAG,49.6,83.0
M-MN,M-MT,83.1,138.0
M-MN,M-MVT,12.3,21.0
M-MN,M-NOC,56.0,93.0
M-MN,M-PA,58.4,97.0
M-MN,M-PG,54.2,90.0
M-MN,M-PG2,58.9,98.0
M-MN,M-PG3,50.3,84.0
M-MN,M-PS,71.2,119.0
M-MN,M-SAS,87.7,146.0
M-MN,M-SF,116.6,194.0
M-MN,M-SMA,43.0,72.0
M-MN,M-SP,129.0,215.0
M-MN,M-SPC,35.4,59.0
M-MN,M-TO,70.8,118.0
M-MN,M-UMB,89.5,149.0
M-MN,M-VAL,38.7,65.0
M-MT,D-CC,21.7,36.0
M-MT,D-GUB,29.1,49.0
M-MT,D-PG,33.7,56.0
M-MT,H-CC,24.8,41.0
M-MT,H-CL,55.7,93.0
M-MT,H-GT,51.2,85.0
M-MT,H-GUB,26.7,44.0
M-MT,H-MVT,55.0,92.0
M-MT,H-POU,44.1,74.0
M-MT,H-UMB,3.2,5.0
M-MT,M-AC,96.6,161.0
M-MT,M-ASS,51.2,85.0
M-MT,M-BA,43.7,73.0
M-MT,M-BV,48.2,80.0
M-MT,M-CA,80.6,134.0
M-MT,M-CH,58.9,98.0
M-MT,M-CL,57.5,96.0
M-MT,M-COR,31.5,52.0
M-MT,M-CP,22.4,37.0
M-MT,M-CST,38.6,64.0
M-MT,M-CT,24.2,40.0
M-MT,M-CT2,73.9,123.0
M-MT,M-DER,54.5,91.0
M-MT,M-DO,52.6,88.0
M-MT,M-FR,79.1,132.0
M-MT,M-GT,52.0,87.0
M-MT,M-GUB,28.2,47.0
M-MT,M-LF,26.2,44.0
M-MT,M-MA,57.3,96.0
M-MT,M-MAG,44.2,74.0
M-MT,M-MN,89.3,149.0
M-MT,M-MVT,84.2,140.0
M-MT,M-NOC,58.8,98.0
M-MT,M-PA,49.0,82.0
M-MT,M-PG,32.5,54.0
M-MT,M-PG2,32.9,55.0
M-MT,M-PG3,34.6,58.0
M-MT,M-PS,30.1,50.0
M-MT,M-SAS,48.9,82.0
M-MT,M-SF,38.0,63.0
M-MT,M-SMA,49.9,83.0
M-MT,M-SP,42.4,71.0
M-MT,M-SPC,64.5,108.0
M-MT,M-TO,38.3,64.0
M-MT,M-UMB,3.5,6.0
M-MT,M-VAL,60.1,100.0
M-MVT,D-CC,110.4,184.0
M-MVT,D-GUB,86.4,144.0
M-MVT,D-PG,48.0,80.0
M-MVT,H-CC,107.1,178.0
M-MVT,H-CL,60.5,101.0
M-MVT,H-GT,81.5,136.0
M-MVT,H-GUB,91.0,152.0
M-MVT,H-MVT,28.2,47.0
M-MVT,H-POU,46.4,77.0
M-MVT,H-UMB,74.2,124.0
M-MVT,M-AC,21.1,35.0
M-MVT,M-ASS,45.0,75.0
M-MVT,M-BA,43.8,73.0
M-MVT,M-BV,37.5,62.0
M-MVT,M-CA,17.5,29.0
M-MVT,M-CH,63.9,106.0
M-MVT,M-CL,56.9,95.0
M-MVT,M-COR,51.3,86.0
M-MVT,M-CP,96.1,160.0
M-MVT,M-CST,95.7,160.0
M-MVT,M-CT,100.3,167.0
M-MVT,M-CT2,49.4,82.0
M-MVT,M-DER,31.8,53.0
M-MVT,M-DO,32.1,54.0
M-MVT,M-FR,7.9,13.0
M-MVT,M-GT,78.0,130.0
M-MVT,M-GUB,85.6,143.0
M-MVT,M-LF,75.2,125.0
M-MVT,M-MA,22.1,37.0
M-MVT,M-MAG,40.6,68.0
M-MVT,M-MN,12.2,20.0
M-MVT,M-MT,80.2,134.0
M-MVT,M-NOC,62.4,104.0
M-MVT,M-PA,51.1,85.0
M-MVT,M-PG,49.8,83.0
M-MVT,M-PG2,52.4,87.0
M-MVT,M-PG3,47.6,79.0
M-MVT,M-PS,69.4,116.0
M-MVT,M-SAS,94.5,158.0
M-MVT,M-SF,112.6,188.0
M-MVT,M-SMA,47.3,79.0
M-MVT,M-SP,114.0,190.0
M-MVT,M-SPC,40.7,68.0
M-MVT,M-TO,60.4,101.0
M-MVT,M-UMB,80.4,134.0
M-MVT,M-VAL,41.6,69.0
M-NOC,D-CC,79.3,132.0
M-NOC,D-GUB,48.1,80.0
M-NOC,D-PG,42.0,70.0
M-NOC,H-CC,87.8,146.0
M-NOC,H-CL,84.6,141.0
M-NOC,H-GT,18.8,31.0
M-NOC,H-GUB,45.0,75.0
M-NOC,H-MVT,49.2,82.0
M-NOC,H-POU,26.8,45.0
M-NOC,H-UMB,57.4,96.0
M-NOC,M-AC,71.4,119.0
M-NOC,M-ASS,20.3,34.0
M-NOC,M-BA,27.1,45.0
M-NOC,M-BV,36.7,61.0
M-NOC,M-CA,48.0,80.0
M-NOC,M-CH,90.9,152.0
M-NOC,M-CL,85.4,142.0
M-NOC,M-COR,51.8,86.0
M-NOC,M-CP,78.3,130.0
M-NOC,M-CST,48.1,80.0
M-NOC,M-CT,78.6,131.0
M-NOC,M-CT2,93.4,156.0
M-NOC,M-DER,46.1,77.0
M-NOC,M-DO,42.1,70.0
M-NOC,M-FR,67.5,112.0
M-NOC,M-GT,19.3,32.0
M-NOC,M-GUB,48.2,80.0
M-NOC,M-LF,73.1,122.0
M-NOC,M-MA,60.8,101.0
M-NOC,M-MAG,50.3,84.0
M-NOC,M-MN,54.1,90.0
M-NOC,M-MT,62.6,104.0
M-NOC,M-MVT,67.8,113.0
M-NOC,M-PA,76.4,127.0
M-NOC,M-PG,47.0,78.0
M-NOC,M-PG2,40.8,68.0
M-NOC,M-PG3,52.7,88.0
M-NOC,M-PS,69.2,115.0
M-NOC,M-SAS,36.0,60.0
M-NOC,M-SF,61.1,102.0
M-NOC,M-SMA,29.1,49.0
M-NOC,M-SP,107.6,179.0
M-NOC,M-SPC,20.5,34.0
M-NOC,M-TO,74.1,124.0
M-NOC,M-UMB,61.6,103.0
M-NOC,M-VAL,24.3,40.0
M-PA,D-CC,67.2,112.0
M-PA,D-GUB,67.5,112.0
M-PA,D-PG,32.2,54.0
M-PA,H-CC,60.2,100.0
M-PA,H-CL,11.5,19.0
M-PA,H-GT,77.3,129.0
M-PA,H-GUB,68.5,114.0
M-PA,H-MVT,28.8,48.0
M-PA,H-POU,49.6,83.0
M-PA,H-UMB,47.6,79.0
M-PA,M-AC,69.8,116.0
M-PA,M-ASS,52.0,87.0
M-PA,M-BA,44.2,74.0
M-PA,M-BV,41.1,68.0
M-PA,M-CA,57.2,95.0
M-PA,M-CH,19.1,32.0
M-PA,M-CL,10.8,18.0
M-PA,M-COR,22.1,37.0
M-PA,M-CP,58.6,98.0
M-PA,M-CST,81.9,137.0
M-PA,M-CT,68.7,115.0
M-PA,M-CT2,21.6,36.0
M-PA,M-DER,35.4,59.0
M-PA,M-DO,33.9,56.0
M-PA,M-FR,45.0,75.0
M-PA,M-GT,80.4,134.0
M-PA,M-GUB,69.6,116.0
M-PA,M-LF,27.1,45.0
M-PA,M-MA,29.4,49.0
M-PA,M-MAG,24.1,40.0
M-PA,M-MN,64.6,108.0
M-PA,M-MT,48.4,81.0
M-PA,M-MVT,50.1,84.0
M-PA,M-NOC,70.6,118.0
M-PA,M-PG,29.5,49.0
M-PA,M-PG2,40.7,68.0
M-PA,M-PG3,19.8,33.0
M-PA,M-PS,19.8,33.0
M-PA,M-SAS,78.0,130.0
M-PA,M-SF,85.1,142.0
M-PA,M-SMA,44.9,75.0
M-PA,M-SP,79.1,132.0
M-PA,M-SPC,56.9,95.0
M-PA,M-TO,15.8,26.0
M-PA,M-UMB,43.4,72.0
M-PA,M-VAL,55.7,93.0
M-PG,D-CC,59.2,99.0
M-PG,D-GUB,43.0,72.0
M-PG,D-PG,0.0,0.0
M-PG,H-CC,54.6,91.0
M-PG,H-CL,41.6,69.0
M-PG,H-GT,47.8,80.0
M-PG,H-GUB,44.5,74.0
M-PG,H-MVT,21.8,36.0
M-PG,H-POU,19.5,32.0
M-PG,H-UMB,30.6,51.0
M-PG,M-AC,66.2,110.0
M-PG,M-ASS,24.2,40.0
M-PG,M-BA,18.8,31.0
M-PG,M-BV,16.5,28.0
M-PG,M-CA,40.8,68.0
M-PG,M-CH,51.8,86.0
M-PG,M-CL,40.7,68.0
M-PG,M-COR,10.0,17.0
M-PG,M-CP,49.1,82.0
M-PG,M-CST,54.2,90.0
M-PG,M-CT,58.2,97.0
M-PG,M-CT2,50.9,85.0
M-PG,M-DER,18.6,31.0
M-PG,M-DO,18.9,32.0
M-PG,M-FR,49.8,83.0
M-PG,M-GT,44.8,75.0
M-PG,M-GUB,40.8,68.0
M-PG,M-LF,29.2,49.0
M-PG,M-MA,32.0,53.0
M-PG,M-MAG,10.8,18.0
M-PG,M-MN,54.3,90.0
M-PG,M-MT,34.7,58.0
M-PG,M-MVT,49.4,82.0
M-PG,M-NOC,45.7,76.0
M-PG,M-PA,29.5,49.0
M-PG,M-PG2,7.4,12.0
M-PG,M-PG3,10.2,17.0
M-PG,M-PS,29.9,50.0
M-PG,M-SAS,53.7,90.0
M-PG,M-SF,65.0,108.0
M-PG,M-SMA,18.0,30.0
M-PG,M-SP,72.9,122.0
M-PG,M-SPC,33.3,56.0
M-PG,M-TO,31.7,53.0
M-PG,M-UMB,27.8,46.0
M-PG,M-VAL,31.8,53.0
M-PG2,D-CC,56.1,94.0
M-PG2,D-GUB,35.6,59.0
M-PG2,D-PG,7.0,12.0
M-PG2,H-CC,55.2,92.0
M-PG2,H-CL,50.4,84.0
M-PG2,H-GT,39.6,66.0
M-PG2,H-GUB,38.3,64.0
M-PG2,H-MVT,25.6,43.0
M-PG2,H-POU,16.5,28.0
M-PG2,H-UMB,30.4,51.0
M-PG2,M-AC,65.0,108.0
M-PG2,M-ASS,22.0,37.0
M-PG2,M-BA,13.7,23.0
M-PG2,M-BV,15.7,26.0
M-PG2,M-CA,42.7,71.0
M-PG2,M-CH,60.6,101.0
M-PG2,M-CL,52.4,87.0
M-PG2,M-COR,17.3,29.0
M-PG2,M-CP,54.9,92.0
M-PG2,M-CST,47.1,78.0
M-PG2,M-CT,52.2,87.0
M-PG2,M-CT2,58.3,97.0
M-PG2,M-DER,20.0,33.0
M-PG2,M-DO,21.6,36.0
M-PG2,M-FR,49.6,83.0
M-PG2,M-GT,42.3,70.0
M-PG2,M-GUB,36.8,61.0
M-PG2,M-LF,37.0,62.0
M-PG2,M-MA,32.6,54.0
M-PG2,M-MAG,17.1,29.0
M-PG2,M-MN,58.8,98.0
M-PG2,M-MT,32.1,54.0
M-PG2,M-MVT,53.0,88.0
M-PG2,M-NOC,40.1,67.0
M-PG2,M-PA,36.6,61.0
M-PG2,M-PG,7.1,12.0
M-PG2,M-PG3,17.6,29.0
M-PG2,M-PS,32.0,53.0
M-PG2,M-SAS,43.9,73.0
M-PG2,M-SF,54.2,90.0
M-PG2,M-SMA,14.3,24.0
M-PG2,M-SP,71.0,118.0
M-PG2,M-SPC,32.9,55.0
M-PG2,M-TO,38.7,65.0
M-PG2,M-UMB,30.9,52.0
M-PG2,M-VAL,26.5,44.0
M-PG3,D-CC,56.4,94.0
M-PG3,D-GUB,51.1,85.0
M-PG3,D-PG,10.7,18.0
M-PG3,H-CC,54.7,91.0
M-PG3,H-CL,32.6,54.0
M-PG3,H-GT,54.9,92.0
M-PG3,H-GUB,51.2,85.0
M-PG3,H-MVT,19.1,32.0
M-PG3,H-POU,26.5,44.0
M-PG3,H-UMB,31.2,52.0
M-PG3,M-AC,68.8,115.0
M-PG3,M-ASS,35.0,58.0
M-PG3,M-BA,25.7,43.0
M-PG3,M-BV,23.0,38.0
M-PG3,M-CA,41.6,69.0
M-PG3,M-CH,40.8,68.0
M-PG3,M-CL,34.3,57.0
M-PG3,M-COR,4.8,8.0
M-PG3,M-CP,50.4,84.0
M-PG3,M-CST,60.5,101.0
M-PG3,M-CT,56.4,94.0
M-PG3,M-CT2,39.0,65.0
M-PG3,M-DER,19.6,33.0
M-PG3,M-DO,17.8,30.0
M-PG3,M-FR,42.9,72.0
M-PG3,M-GT,61.6,103.0
M-PG3,M-GUB,52.7,88.0
M-PG3,M-LF,26.3,44.0
M-PG3,M-MA,24.5,41.0
M-PG3,M-MAG,7.6,13.0
M-PG3,M-MN,54.2,90.0
M-PG3,M-MT,36.3,60.0
M-PG3,M-MVT,44.3,74.0
M-PG3,M-NOC,58.0,97.0
M-PG3,M-PA,20.6,34.0
M-PG3,M-PG,10.3,17.0
M-PG3,M-PG2,17.5,29.0
M-PG3,M-PS,22.0,37.0
M-PG3,M-SAS,64.9,108.0
M-PG3,M-SF,73.7,123.0
M-PG3,M-SMA,29.1,49.0
M-PG3,M-SP,70.5,118.0
M-PG3,M-SPC,41.6,69.0
M-PG3,M-TO,24.0,40.0
M-PG3,M-UMB,31.0,52.0
M-PG3,M-VAL,35.6,59.0
M-PS,D-CC,45.5,76.0
M-PS,D-GUB,50.7,85.0
M-PS,D-PG,28.7,48.0
M-PS,H-CC,41.9,70.0
M-PS,H-CL,24.9,42.0
M-PS,H-GT,66.9,112.0
M-PS,H-GUB,56.7,95.0
M-PS,H-MVT,41.9,70.0
M-PS,H-POU,51.1,85.0
M-PS,H-UMB,27.4,46.0
M-PS,M-AC,82.0,137.0
M-PS,M-ASS,54.6,91.0
M-PS,M-BA,46.9,78.0
M-PS,M-BV,45.1,75.0
M-PS,M-CA,62.6,104.0
M-PS,M-CH,33.2,55.0
M-PS,M-CL,25.4,42.0
M-PS,M-COR,18.7,31.0
M-PS,M-CP,38.7,65.0
M-PS,M-CST,67.3,112.0
M-PS,M-CT,42.9,72.0
M-PS,M-CT2,41.1,68.0
M-PS,M-DER,41.0,68.0
M-PS,M-DO,43.0,72.0
M-PS,M-FR,65.2,109.0
M-PS,M-GT,74.3,124.0
M-PS,M-GUB,55.2,92.0
M-PS,M-LF,4.9,8.0
M-PS,M-MA,46.0,77.0
M-PS,M-MAG,29.4,49.0
M-PS,M-MN,72.6,121.0
M-PS,M-MT,30.9,52.0
M-PS,M-MVT,62.2,104.0
M-PS,M-NOC,76.6,128.0
M-PS,M-PA,20.2,34.0
M-PS,M-PG,29.1,49.0
M-PS,M-PG2,34.6,58.0
M-PS,M-PG3,23.6,39.0
M-PS,M-SAS,70.8,118.0
M-PS,M-SF,71.2,119.0
M-PS,M-SMA,44.8,75.0
M-PS,M-SP,59.1,98.0
M-PS,M-SPC,59.7,100.0
M-PS,M-TO,7.7,13.0
M-PS,M-UMB,27.5,46.0
M-PS,M-VAL,59.6,99.0
M-SAS,D-CC,55.1,92.0
M-SAS,D-GUB,17.7,30.0
M-SAS,D-PG,53.2,89.0
M-SAS,H-CC,55.5,92.0
M-SAS,H-CL,86.2,144.0
M-SAS,H-GT,14.4,24.0
M-SAS,H-GUB,20.6,34.0
M-SAS,H-MVT,71.0,118.0
M-SAS,H-POU,45.2,75.0
M-SAS,H-UMB,43.8,73.0
M-SAS,M-AC,97.8,163.0
M-SAS,M-ASS,43.6,73.0
M-SAS,M-BA,46.7,78.0
M-SAS,M-BV,51.2,85.0
M-SAS,M-CA,72.1,120.0
M-SAS,M-CH,93.7,156.0
M-SAS,M-CL,94.2,157.0
M-SAS,M-COR,61.3,102.0
M-SAS,M-CP,59.6,99.0
M-SAS,M-CST,11.3,19.0
M-SAS,M-CT,55.6,93.0
M-SAS,M-CT2,110.4,184.0
M-SAS,M-DER,60.8,101.0
M-SAS,M-DO,65.2,109.0
M-SAS,M-FR,93.0,155.0
M-SAS,M-GT,15.3,26.0
M-SAS,M-GUB,18.4,31.0
M-SAS,M-LF,64.1,107.0
M-SAS,M-MA,78.7,131.0
M-SAS,M-MAG,63.5,106.0
M-SAS,M-MN,90.2,150.0
M-SAS,M-MT,45.7,76.0
M-SAS,M-MVT,84.2,140.0
M-SAS,M-NOC,37.9,63.0
M-SAS,M-PA,84.9,142.0
M-SAS,M-PG,50.0,83.0
M-SAS,M-PG2,48.0,80.0
M-SAS,M-PG3,62.8,105.0
M-SAS,M-PS,70.2,117.0
M-SAS,M-SF,28.4,47.0
M-SAS,M-SMA,48.3,80.0
M-SAS,M-SP,77.7,130.0
M-SAS,M-SPC,48.1,80.0
M-SAS,M-TO,74.4,124.0
M-SAS,M-UMB,48.1,80.0
M-SAS,M-VAL,50.0,83.0
M-SF,D-CC,41.7,70.0
M-SF,D-GUB,21.2,35.0
M-SF,D-PG,62.5,104.0
M-SF,H-CC,43.3,72.0
M-SF,H-CL,102.4,171.0
M-SF,H-GT,41.0,68.0
M-SF,H-GUB,20.8,35.0
M-SF,H-MVT,79.7,133.0
M-SF,H-POU,69.2,115.0
M-SF,H-UMB,43.5,72.0
M-SF,M-AC,118.0,197.0
M-SF,M-ASS,66.4,111.0
M-SF,M-BA,68.1,114.0
M-SF,M-BV,74.5,124.0
M-SF,M-CA,103.0,172.0
M-SF,M-CH,99.3,166.0
M-SF,M-CL,99.8,166.0
M-SF,M-COR,66.6,111.0
M-SF,M-CP,50.1,84.0
M-SF,M-CST,15.8,26.0
M-SF,M-CT,44.4,74.0
M-SF,M-CT2,112.3,187.0
M-SF,M-DER,74.9,125.0
M-SF,M-DO,79.2,132.0
M-SF,M-FR,116.2,194.0
M-SF,M-GT,45.4,76.0
M-SF,M-GUB,20.5,34.0
M-SF,M-LF,63.4,106.0
M-SF,M-MA,87.3,146.0
M-SF,M-MAG,75.6,126.0
M-SF,M-MN,114.7,191.0
M-SF,M-MT,39.0,65.0
M-SF,M-MVT,109.2,182.0
M-SF,M-NOC,65.1,108.0
M-SF,M-PA,89.9,150.0
M-SF,M-PG,63.4,106.0
M-SF,M-PG2,58.7,98.0
M-SF,M-PG3,71.3,119.0
M-SF,M-PS,67.9,113.0
M-SF,M-SAS,27.7,46.0
M-SF,M-SMA,67.2,112.0
M-SF,M-SP,57.9,96.0
M-SF,M-SPC,75.7,126.0
M-SF,M-TO,80.4,134.0
M-SF,M-UMB,40.4,67.0
M-SF,M-VAL,73.6,123.0
M-SMA,D-CC,64.9,108.0
M-SMA,D-GUB,42.6,71.0
M-SMA,D-PG,20.0,33.0
M-SMA,H-CC,75.1,125.0
M-SMA,H-CL,55.5,92.0
M-SMA,H-GT,35.4,59.0
M-SMA,H-GUB,45.7,76.0
M-SMA,H-MVT,23.3,39.0
M-SMA,H-POU,0.0,0.0
M-SMA,H-UMB,44.9,75.0
M-SMA,M-AC,57.7,96.0
M-SMA,M-ASS,7.2,12.0
M-SMA,M-BA,0.9,2.0
M-SMA,M-BV,9.1,15.0
M-SMA,M-CA,31.9,53.0
M-SMA,M-CH,61.6,103.0
M-SMA,M-CL,61.3,102.0
M-SMA,M-COR,27.0,45.0
M-SMA,M-CP,70.0,117.0
M-SMA,M-CST,50.9,85.0
M-SMA,M-CT,74.8,125.0
M-SMA,M-CT2,64.2,107.0
M-SMA,M-DER,17.5,29.0
M-SMA,M-DO,17.0,28.0
M-SMA,M-FR,43.8,73.0
M-SMA,M-GT,37.9,63.0
M-SMA,M-GUB,47.0,78.0
M-SMA,M-LF,49.0,82.0
M-SMA,M-MA,32.2,54.0
M-SMA,M-MAG,23.1,39.0
M-SMA,M-MN,46.8,78.0
M-SMA,M-MT,47.2,79.0
M-SMA,M-MVT,43.6,73.0
M-SMA,M-NOC,27.3,46.0
M-SMA,M-PA,49.3,82.0
M-SMA,M-PG,17.9,30.0
M-SMA,M-PG2,15.6,26.0
M-SMA,M-PG3,27.4,46.0
M-SMA,M-PS,49.9,83.0
M-SMA,M-SAS,43.4,72.0
M-SMA,M-SF,66.3,110.0
M-SMA,M-SP,89.3,149.0
M-SMA,M-SPC,15.8,26.0
M-SMA,M-TO,48.1,80.0
M-SMA,M-UMB,44.0,73.0
M-SMA,M-VAL,11.6,19.0
M-SP,D-CC,19.8,33.0
M-SP,D-GUB,59.3,99.0
M-SP,D-PG,77.0,128.0
M-SP,H-CC,20.5,34.0
M-SP,H-CL,79.6,133.0
M-SP,H-GT,91.3,152.0
M-SP,H-GUB,58.3,97.0
M-SP,H-MVT,88.5,148.0
M-SP,H-POU,83.7,140.0
M-SP,H-UMB,45.1,75.0
M-SP,M-AC,147.3,246.0
M-SP,M-ASS,95.2,159.0
M-SP,M-BA,92.4,154.0
M-SP,M-BV,89.9,150.0
M-SP,M-CA,116.8,195.0
M-SP,M-CH,81.8,136.0
M-SP,M-CL,80.4,134.0
M-SP,M-COR,70.4,117.0
M-SP,M-CP,21.5,36.0
M-SP,M-CST,62.8,105.0
M-SP,M-CT,19.9,33.0
M-SP,M-CT2,101.3,169.0
M-SP,M-DER,99.8,166.0
M-SP,M-DO,98.9,165.0
M-SP,M-FR,121.2,202.0
M-SP,M-GT,86.1,144.0
M-SP,M-GUB,59.5,99.0
M-SP,M-LF,56.2,94.0
M-SP,M-MA,95.5,159.0
M-SP,M-MAG,81.1,135.0
M-SP,M-MN,135.4,226.0
M-SP,M-MT,42.3,70.0
M-SP,M-MVT,124.1,207.0
M-SP,M-NOC,102.9,172.0
M-SP,M-PA,75.2,125.0
M-SP,M-PG,73.5,122.0
M-SP,M-PG2,73.2,122.0
M-SP,M-PG3,70.6,118.0
M-SP,M-PS,54.7,91.0
M-SP,M-SAS,79.7,133.0
M-SP,M-SF,53.0,88.0
M-SP,M-SMA,89.8,150.0
M-SP,M-SPC,100.8,168.0
M-SP,M-TO,68.2,114.0
M-SP,M-UMB,44.6,74.0
M-SP,M-VAL,100.0,167.0
M-SPC,D-CC,88.9,148.0
M-SPC,D-GUB,56.9,95.0
M-SPC,D-PG,32.9,55.0
M-SPC,H-CC,88.1,147.0
M-SPC,H-CL,71.1,118.0
M-SPC,H-GT,37.0,62.0
M-SPC,H-GUB,50.8,85.0
M-SPC,H-MVT,30.8,51.0
M-SPC,H-POU,16.0,27.0
M-SPC,H-UMB,58.1,97.0
M-SPC,M-AC,48.8,81.0
M-SPC,M-ASS,12.1,20.0
M-SPC,M-BA,16.9,28.0
M-SPC,M-BV,19.7,33.0
M-SPC,M-CA,26.3,44.0
M-SPC,M-CH,74.5,124.0
M-SPC,M-CL,74.2,124.0
M-SPC,M-COR,44.9,75.0
M-SPC,M-CP,87.9,147.0
M-SPC,M-CST,56.5,94.0
M-SPC,M-CT,78.8,131.0
M-SPC,M-CT2,73.3,122.0
M-SPC,M-DER,26.2,44.0
M-SPC,M-DO,26.1,44.0
M-SPC,M-FR,48.7,81.0
M-SPC,M-GT,35.7,60.0
M-SPC,M-GUB,51.9,86.0
M-SPC,M-LF,67.8,113.0
M-SPC,M-MA,38.4,64.0
M-SPC,M-MAG,37.0,62.0
M-SPC,M-MN,35.5,59.0
M-SPC,M-MT,61.0,102.0
M-SPC,M-MVT,39.6,66.0
M-SPC,M-NOC,19.6,33.0
M-SPC,M-PA,64.5,108.0
M-SPC,M-PG,32.7,55.0
M-SPC,M-PG2,30.9,52.0
M-SPC,M-PG3,41.6,69.0
M-SPC,M-PS,61.5,102.0
M-SPC,M-SAS,53.9,90.0
M-SPC,M-SF,68.9,115.0
M-SPC,M-SMA,15.8,26.0
M-SPC,M-SP,111.1,185.0
M-SPC,M-TO,66.7,111.0
M-SPC,M-UMB,61.9,103.0
M-SPC,M-VAL,5.1,8.0
M-TO,D-CC,49.5,82.0
M-TO,D-GUB,58.7,98.0
M-TO,D-PG,33.5,56.0
M-TO,H-CC,53.6,89.0
M-TO,H-CL,19.0,32.0
M-TO,H-GT,77.4,129.0
M-TO,H-GUB,57.5,96.0
M-TO,H-MVT,40.5,68.0
M-TO,H-POU,51.2,85.0
M-TO,H-UMB,37.3,62.0
M-TO,M-AC,87.1,145.0
M-TO,M-ASS,57.0,95.0
M-TO,M-BA,48.0,80.0
M-TO,M-BV,43.2,72.0
M-TO,M-CA,64.1,107.0
M-TO,M-CH,24.9,42.0
M-TO,M-CL,20.8,35.0
M-TO,M-COR,22.7,38.0
M-TO,M-CP,43.6,73.0
M-TO,M-CST,70.5,118.0
M-TO,M-CT,52.7,88.0
M-TO,M-CT2,36.1,60.0
M-TO,M-DER,39.7,66.0
M-TO,M-DO,43.7,73.0
M-TO,M-FR,59.7,100.0
M-TO,M-GT,71.0,118.0
M-TO,M-GUB,59.8,100.0
M-TO,M-LF,11.4,19.0
M-TO,M-MA,41.2,69.0
M-TO,M-MAG,33.3,56.0
M-TO,M-MN,78.5,131.0
M-TO,M-MT,37.7,63.0
M-TO,M-MVT,64.8,108.0
M-TO,M-NOC,76.1,127.0
M-TO,M-PA,15.5,26.0
M-TO,M-PG,32.6,54.0
M-TO,M-PG2,36.0,60.0
M-TO,M-PG3,24.1,40.0
M-TO,M-PS,7.7,13.0
M-TO,M-SAS,75.8,126.0
M-TO,M-SF,72.2,120.0
M-TO,M-SMA,53.6,89.0
M-TO,M-SP,61.2,102.0
M-TO,M-SPC,63.7,106.0
M-TO,M-UMB,33.1,55.0
M-TO,M-VAL,59.4,99.0
M-UMB,D-CC,27.8,46.0
M-UMB,D-GUB,27.6,46.0
M-UMB,D-PG,28.3,47.0
M-UMB,H-CC,28.3,47.0
M-UMB,H-CL,56.8,95.0
M-UMB,H-GT,52.5,88.0
M-UMB,H-GUB,25.8,43.0
M-UMB,H-MVT,49.9,83.0
M-UMB,H-POU,46.6,78.0
M-UMB,H-UMB,0.0,0.0
M-UMB,M-AC,89.3,149.0
M-UMB,M-ASS,43.7,73.0
M-UMB,M-BA,42.3,70.0
M-UMB,M-BV,46.3,77.0
M-UMB,M-CA,72.4,121.0
M-UMB,M-CH,60.5,101.0
M-UMB,M-CL,50.6,84.0
M-UMB,M-COR,29.1,49.0
M-UMB,M-CP,25.3,42.0
M-UMB,M-CST,40.4,67.0
M-UMB,M-CT,27.9,46.0
M-UMB,M-CT2,72.6,121.0
M-UMB,M-DER,45.7,76.0
M-UMB,M-DO,47.9,80.0
M-UMB,M-FR,73.3,122.0
M-UMB,M-GT,51.9,86.0
M-UMB,M-GUB,27.2,45.0
M-UMB,M-LF,24.9,42.0
M-UMB,M-MA,60.7,101.0
M-UMB,M-MAG,37.6,63.0
M-UMB,M-MN,88.6,148.0
M-UMB,M-MT,3.4,6.0
M-UMB,M-MVT,74.7,125.0
M-UMB,M-NOC,60.8,101.0
M-UMB,M-PA,47.2,79.0
M-UMB,M-PG,28.8,48.0
M-UMB,M-PG2,30.4,51.0
M-UMB,M-PG3,35.4,59.0
M-UMB,M-PS,26.5,44.0
M-UMB,M-SAS,48.4,81.0
M-UMB,M-SF,40.3,67.0
M-UMB,M-SMA,41.5,69.0
M-UMB,M-SP,44.0,73.0
M-UMB,M-SPC,61.5,102.0
M-UMB,M-TO,35.6,59.0
M-UMB,M-VAL,52.1,87.0
M-VAL,D-CC,80.7,134.0
M-VAL,D-GUB,54.4,91.0
M-VAL,D-PG,28.0,47.0
M-VAL,H-CC,86.1,144.0
M-VAL,H-CL,69.0,115.0
M-VAL,H-GT,39.3,66.0
M-VAL,H-GUB,56.7,95.0
M-VAL,H-MVT,27.1,45.0
M-VAL,H-POU,12.3,21.0
M-VAL,H-UMB,56.3,94.0
M-VAL,M-AC,49.1,82.0
M-VAL,M-ASS,10.1,17.0
M-VAL,M-BA,13.1,22.0
M-VAL,M-BV,15.3,26.0
M-VAL,M-CA,22.5,38.0
M-VAL,M-CH,67.9,113.0
M-VAL,M-CL,66.6,111.0
M-VAL,M-COR,39.1,65.0
M-VAL,M-CP,81.6,136.0
M-VAL,M-CST,64.3,107.0
M-VAL,M-CT,76.4,127.0
M-VAL,M-CT2,72.7,121.0
M-VAL,M-DER,20.6,34.0
M-VAL,M-DO,22.8,38.0
M-VAL,M-FR,44.0,73.0
M-VAL,M-GT,39.6,66.0
M-VAL,M-GUB,54.7,91.0
M-VAL,M-LF,58.9,98.0
M-VAL,M-MA,33.4,56.0
M-VAL,M-MAG,31.7,53.0
M-VAL,M-MN,36.0,60.0
M-VAL,M-MT,56.8,95.0
M-VAL,M-MVT,39.2,65.0
M-VAL,M-NOC,26.3,44.0
M-VAL,M-PA,54.0,90.0
M-VAL,M-PG,28.4,47.0
M-VAL,M-PG2,27.6,46.0
M-VAL,M-PG3,38.7,65.0
M-VAL,M-PS,54.7,91.0
M-VAL,M-SAS,50.1,84.0
M-VAL,M-SF,70.1,117.0
M-VAL,M-SMA,11.2,19.0
M-VAL,M-SP,100.3,167.0
M-VAL,M-SPC,5.7,10.0
M-VAL,M-TO,62.3,104.0
M-VAL,M-UMB,55.9,93.0
